time;temperature
1.7;23.31
2.23;23.31
3.24;23.31
4.25;23.31
5.25;23.31
6.26;23.25
7.27;23.25
8.28;23.25
9.28;23.31
10.29;23.25
11.3;23.31
12.31;23.31
13.32;23.31
14.32;23.31
15.33;23.31
16.34;23.31
17.35;23.31
18.35;23.31
19.36;23.31
20.37;23.31
21.38;23.37
22.38;23.56
23.39;23.69
24.4;23.81
25.41;23.94
26.41;24.06
27.42;24.19
28.43;24.31
29.44;24.44
30.44;24.5
31.45;24.56
32.46;24.69
33.47;24.75
34.48;24.81
35.48;24.87
36.49;24.94
37.5;24.94
38.51;25
39.51;25.06
40.52;25.25
41.53;25.31
42.54;25.37
43.54;25.44
44.55;25.5
45.56;25.56
46.57;25.56
47.57;25.56
48.58;25.62
49.59;25.62
50.6;25.62
51.61;25.69
52.61;25.75
53.62;25.81
54.63;25.81
55.63;25.94
56.64;25.94
57.65;26
58.66;26.06
59.66;26.06
60.67;26.12
61.68;26.19
62.69;26.25
63.7;26.25
64.7;26.31
65.71;26.37
66.72;26.44
67.73;26.44
68.73;26.44
69.74;26.5
70.75;26.5
71.76;26.5
72.76;26.56
73.77;26.56
74.78;26.62
75.79;26.62
76.8;26.69
77.8;26.69
78.81;26.69
79.82;26.75
80.83;26.81
81.83;26.87
82.84;26.94
83.85;26.94
84.86;26.94
85.86;27
86.87;27
87.88;27
88.89;27.06
89.89;27.06
90.9;27.12
91.91;27.12
92.92;27.12
93.92;27.12
94.93;27.19
95.94;27.19
96.95;27.19
97.96;27.19
98.96;27.25
99.97;27.31
100.98;27.31
101.98;27.37
102.99;27.37
104;27.31
105.01;27.31
106.02;27.31
107.02;27.31
108.03;27.37
109.04;27.37
110.05;27.37
111.05;27.31
112.06;27.37
113.07;27.44
114.08;27.5
115.08;27.5
116.09;27.5
117.1;27.5
118.11;27.5
119.12;27.44
120.12;27.5
121.13;27.5
122.14;27.56
123.14;27.56
124.15;27.56
125.16;27.56
126.17;27.56
127.18;27.62
128.18;27.62
129.19;27.69
130.2;27.75
131.21;27.75
132.21;27.81
133.22;27.81
134.23;27.81
135.24;27.81
136.25;27.81
137.25;27.81
138.26;27.87
139.27;27.94
140.27;27.94
141.28;28
142.29;28
143.3;28
144.31;28
145.31;28.06
146.32;28
147.33;28.06
148.34;28.06
149.34;28.12
150.35;28.06
151.36;28.06
152.37;28.12
153.37;28.19
154.38;28.12
155.39;28.19
156.4;28.19
157.4;28.19
158.42;28.25
159.42;28.25
160.43;28.31
161.44;28.31
162.45;28.31
163.46;28.37
164.46;28.44
165.47;28.5
166.48;28.5
167.49;28.5
168.49;28.56
169.5;28.56
170.51;28.56
171.52;28.62
172.52;28.62
173.53;28.69
174.54;28.69
175.55;28.75
176.55;28.75
177.56;28.75
178.57;28.75
179.58;28.75
180.58;28.75
181.59;28.75
182.6;28.81
183.61;28.81
184.61;28.81
185.62;28.81
186.63;28.87
187.64;28.87
188.64;28.94
189.65;29
190.66;29
191.67;29
192.67;29
193.68;29.06
194.7;29.06
195.7;29.06
196.71;29.12
197.72;29.12
198.73;29.19
199.73;29.19
200.74;29.25
201.75;29.25
202.76;29.31
203.76;29.37
204.77;29.37
205.78;29.44
206.79;29.44
207.79;29.5
208.8;29.5
209.81;29.5
210.82;29.5
211.82;29.56
212.83;29.56
213.84;29.62
214.85;29.62
215.86;29.62
216.86;29.69
217.87;29.69
218.88;29.69
219.89;29.75
220.9;29.75
221.9;29.75
222.91;29.75
223.92;29.75
224.93;29.81
225.93;29.81
226.94;29.81
227.95;29.75
228.96;29.75
229.97;29.75
230.97;29.81
231.98;29.87
232.99;29.87
234;29.94
235.01;29.94
236.02;29.94
237.02;29.94
238.03;29.94
239.04;29.94
240.05;29.94
241.05;29.94
242.06;29.94
243.07;29.94
244.08;29.94
245.08;30
246.09;30
247.1;30
248.11;30
249.12;30
250.12;30
251.13;30
252.14;30.06
253.15;30.12
254.16;30.12
255.16;30.12
256.17;30.12
257.18;30.12
258.19;30.19
259.19;30.25
260.2;30.25
261.21;30.25
262.22;30.31
263.23;30.25
264.23;30.25
265.24;30.19
266.25;30.25
267.26;30.31
268.26;30.37
269.27;30.37
270.28;30.44
271.29;30.44
272.3;30.5
273.31;30.5
274.31;30.5
275.32;30.5
276.33;30.5
277.34;30.56
278.34;30.56
279.35;30.62
280.36;30.56
281.37;30.62
282.37;30.56
283.38;30.62
284.39;30.62
285.4;30.62
286.41;30.62
287.42;30.62
288.42;30.69
289.43;30.75
290.44;30.69
291.45;30.69
292.45;30.69
293.46;30.75
294.47;30.75
295.48;30.75
296.49;30.69
297.5;30.69
298.5;30.69
299.51;30.75
300.52;30.81
301.53;30.81
302.53;30.81
303.54;30.81
304.55;30.87
305.56;30.81
306.57;30.75
307.57;30.75
308.58;30.75
309.59;30.75
310.6;30.75
311.61;30.75
312.61;30.75
313.62;30.81
314.63;30.81
315.64;30.81
316.64;30.81
317.65;30.87
318.66;30.87
319.67;30.87
320.68;30.94
321.68;30.94
322.7;30.94
323.7;30.94
324.71;30.94
325.72;30.94
326.73;31
327.73;31.06
328.74;31.06
329.75;31.06
330.76;31.06
331.76;31.12
332.77;31.12
333.78;31.06
334.79;31.12
335.8;31.12
336.81;31.12
337.81;31.12
338.82;31.12
339.83;31.12
340.84;31.12
341.84;31.19
342.85;31.19
343.86;31.25
344.87;31.25
345.88;31.25
346.89;31.25
347.89;31.25
348.9;31.31
349.91;31.31
350.92;31.37
351.92;31.37
352.93;31.37
353.94;31.37
354.95;31.44
355.96;31.44
356.97;31.44
357.97;31.44
358.98;31.5
359.99;31.5
361;31.5
362;31.44
363.01;31.44
364.02;31.44
365.03;31.44
366.04;31.44
367.05;31.44
368.06;31.5
369.06;31.5
370.07;31.5
371.08;31.5
372.09;31.44
373.1;31.56
374.1;31.56
375.11;31.56
376.12;31.56
377.13;31.56
378.13;31.62
379.14;31.62
380.15;31.62
381.16;31.62
382.17;31.69
383.18;31.62
384.18;31.69
385.19;31.69
386.2;31.75
387.21;31.75
388.22;31.81
389.23;31.81
390.24;31.81
391.24;31.87
392.25;31.87
393.26;31.94
394.26;31.94
395.27;31.94
396.29;32
397.29;32
398.3;32
399.31;32.06
400.32;32.06
401.32;32.06
402.33;32.06
403.34;32.06
404.35;32
405.36;32
406.36;32
407.37;32
408.38;32
409.39;32.06
410.4;32
411.4;32
412.41;32.06
413.42;32
414.43;32.06
415.44;32.06
416.45;32.06
417.45;32.06
418.46;32.13
419.47;32.13
420.48;32.06
421.49;32.06
422.5;32.13
423.5;32.19
424.51;32.25
425.52;32.25
426.53;32.31
427.53;32.25
428.55;32.25
429.55;32.25
430.56;32.25
431.57;32.19
432.58;32.19
433.58;32.25
434.59;32.25
435.6;32.25
436.61;32.25
437.62;32.31
438.62;32.31
439.63;32.38
440.64;32.38
441.65;32.38
442.65;32.44
443.66;32.44
444.67;32.44
445.68;32.5
446.69;32.5
447.7;32.56
448.71;32.5
449.71;32.56
450.72;32.56
451.73;32.56
452.74;32.56
453.75;32.56
454.76;32.5
455.76;32.5
456.77;32.56
457.78;32.56
458.79;32.63
459.79;32.63
460.81;32.63
461.81;32.63
462.82;32.63
463.83;32.63
464.84;32.63
465.84;32.63
466.85;32.63
467.86;32.63
468.87;32.69
469.88;32.69
470.88;32.69
471.89;32.75
472.9;32.75
473.91;32.81
474.92;32.75
475.93;32.75
476.93;32.75
477.94;32.75
478.95;32.69
479.96;32.69
480.97;32.69
481.97;32.69
482.98;32.69
483.99;32.75
485;32.75
486.01;32.69
487.02;32.69
488.02;32.69
489.03;32.69
490.04;32.63
491.05;32.63
492.06;32.63
493.07;32.69
494.07;32.75
495.08;32.81
496.09;32.81
497.1;32.81
498.11;32.81
499.12;32.81
500.12;32.81
501.13;32.81
502.14;32.81
503.15;32.81
504.16;32.75
505.16;32.75
506.18;32.75
507.18;32.75
508.19;32.69
509.2;32.69
510.21;32.69
511.22;32.69
512.22;32.63
513.23;32.69
514.24;32.69
515.25;32.75
516.26;32.75
517.27;32.69
518.27;32.75
519.28;32.75
520.29;32.75
521.3;32.81
522.31;32.75
523.32;32.75
524.33;32.75
525.33;32.75
526.34;32.75
527.35;32.75
528.36;32.81
529.37;32.81
530.38;32.81
531.38;32.88
532.39;32.88
533.4;32.88
534.41;32.88
535.42;32.81
536.43;32.81
537.43;32.75
538.44;32.75
539.45;32.75
540.46;32.81
541.47;32.81
542.48;32.81
543.49;32.81
544.49;32.81
545.5;32.81
546.51;32.81
547.52;32.81
548.53;32.88
549.54;32.88
550.54;32.88
551.55;32.81
552.56;32.81
553.57;32.88
554.58;32.81
555.58;32.81
556.59;32.75
557.61;32.81
558.61;32.88
559.62;32.81
560.63;32.81
561.63;32.88
562.64;32.88
563.65;32.88
564.66;32.81
565.67;32.81
566.68;32.81
567.69;32.81
568.69;32.88
569.7;32.88
570.71;32.88
571.72;32.94
572.73;32.88
573.74;32.88
574.75;32.88
575.75;32.88
576.76;32.81
577.77;32.88
578.78;32.88
579.78;32.94
580.8;32.94
581.81;32.94
582.81;32.88
583.82;32.94
584.83;32.94
585.84;33
586.84;33
587.86;33.06
588.86;33.06
589.87;33.06
590.88;33.06
591.89;33.06
592.89;33.13
593.9;33.13
594.91;33.13
595.92;33.13
596.93;33.13
597.94;33.06
598.95;33.06
599.95;33.06
600.96;33.06
601.97;33
602.98;33
603.99;33
605;33.06
606.01;33.06
607.01;33.06
608.02;33.06
609.03;33
610.04;33
611.04;33
612.06;33
613.06;33
614.07;32.94
615.08;32.94
616.09;33
617.1;33.06
618.1;33.06
619.12;33.06
620.12;33.13
621.13;33.13
622.14;33.13
623.14;33.13
624.15;33.13
625.16;33.19
626.17;33.13
627.18;33.13
628.19;33.13
629.2;33.13
630.21;33.13
631.21;33.13
632.22;33.13
633.23;33.13
634.24;33.13
635.25;33.13
636.26;33.13
637.27;33.13
638.27;33.13
639.28;33.13
640.29;33.06
641.3;33
642.31;33
643.32;33
644.32;33
645.33;33.06
646.34;33.13
647.35;33.13
648.36;33.13
649.37;33.19
650.37;33.19
651.38;33.25
652.39;33.25
653.4;33.19
654.41;33.13
655.41;33.13
656.42;33.13
657.43;33.13
658.44;33.06
659.45;33.13
660.46;33.13
661.47;33.13
662.47;33.13
663.49;33.13
664.49;33.06
665.5;33.06
666.51;33.06
667.52;33.06
668.52;33.06
669.53;33.06
670.54;33.06
671.55;33.06
672.56;33.06
673.57;33.13
674.58;33.13
675.58;33.06
676.59;33.13
677.6;33.19
678.61;33.19
679.62;33.25
680.63;33.31
681.63;33.38
682.64;33.38
683.65;33.44
684.66;33.44
685.67;33.44
686.68;33.5
687.68;33.56
688.69;33.56
689.7;33.5
690.71;33.56
691.72;33.63
692.72;33.69
693.74;33.69
694.74;33.75
695.75;33.75
696.76;33.75
697.77;33.69
698.78;33.69
699.78;33.69
700.8;33.63
701.8;33.63
702.81;33.63
703.82;33.63
704.83;33.63
705.83;33.69
706.85;33.75
707.86;33.75
708.86;33.81
709.87;33.88
710.88;33.88
711.88;33.88
712.89;33.94
713.91;33.94
714.91;33.94
715.92;33.94
716.93;34
717.94;34
718.95;34
719.96;33.94
720.96;33.94
721.97;33.94
722.98;33.88
723.99;33.88
725;33.81
726;33.81
727.02;33.75
728.02;33.69
729.03;33.69
730.04;33.69
731.05;33.69
732.06;33.63
733.06;33.63
734.07;33.63
735.08;33.69
736.09;33.69
737.1;33.69
738.11;33.75
739.11;33.69
740.12;33.75
741.13;33.81
742.14;33.75
743.15;33.75
744.16;33.69
745.16;33.63
746.17;33.63
747.18;33.69
748.19;33.69
749.2;33.69
750.21;33.69
751.22;33.69
752.22;33.75
753.23;33.75
754.24;33.75
755.25;33.75
756.26;33.75
757.27;33.75
758.28;33.69
759.28;33.69
760.29;33.69
761.3;33.63
762.31;33.63
763.32;33.63
764.33;33.69
765.33;33.69
766.34;33.69
767.35;33.75
768.36;33.75
769.37;33.81
770.38;33.81
771.38;33.81
772.39;33.81
773.4;33.81
774.41;33.88
775.42;33.94
776.43;33.94
777.44;33.94
778.44;33.94
779.45;33.94
780.46;34
781.47;34.06
782.48;34.06
783.49;34.13
784.5;34.06
785.5;34.06
786.51;34.06
787.52;34.06
788.53;34.13
789.54;34.06
790.55;34.06
791.55;34.06
792.56;34.06
793.57;34.06
794.58;34.13
795.59;34.25
796.6;34.25
797.61;34.38
798.61;34.38
799.62;34.38
800.63;34.38
801.64;34.44
802.65;34.44
803.66;34.38
804.66;34.38
805.67;34.38
806.68;34.38
807.69;34.44
808.7;34.44
809.71;34.38
810.72;34.31
811.73;34.25
812.73;34.25
813.74;34.25
814.75;34.25
815.76;34.19
816.77;34.25
817.78;34.19
818.79;34.13
819.79;34.13
820.8;34.19
821.81;34.13
822.82;34.13
823.83;34.13
824.84;34.19
825.85;34.19
826.85;34.19
827.86;34.13
828.87;34.13
829.88;34.13
830.89;34.13
831.9;34.13
832.9;34.19
833.91;34.25
834.92;34.31
835.93;34.25
836.94;34.38
837.95;34.38
838.96;34.38
839.96;34.38
840.97;34.44
841.98;34.38
842.99;34.38
844;34.44
845.01;34.44
846.01;34.44
847.02;34.44
848.03;34.38
849.04;34.44
850.05;34.44
851.06;34.44
852.07;34.5
853.07;34.5
854.09;34.5
855.09;34.5
856.1;34.44
857.11;34.44
858.12;34.44
859.12;34.44
860.14;34.44
861.14;34.44
862.15;34.44
863.16;34.44
864.17;34.44
865.17;34.38
866.19;34.38
867.2;34.31
868.2;34.31
869.21;34.25
870.22;34.19
871.23;34.19
872.24;34.25
873.25;34.25
874.25;34.19
875.26;34.25
876.27;34.25
877.28;34.19
878.29;34.19
879.3;34.19
880.3;34.19
881.31;34.13
882.32;34.06
883.33;34.13
884.34;34.06
885.35;34.13
886.36;34.13
887.36;34.13
888.37;34.13
889.38;34.13
890.39;34.13
891.4;34.06
892.41;34.06
893.41;34.13
894.42;34.13
895.43;34.13
896.44;34.13
897.45;34.13
898.46;34.13
899.47;34.13
900.48;34.13
901.49;34.13
902.49;34.13
903.5;34.13
904.51;34.13
905.52;34.19
906.53;34.19
907.54;34.19
908.55;34.19
909.55;34.13
910.56;34.13
911.57;34.06
912.58;34.06
913.59;34.06
914.6;34
915.61;34.06
916.61;34.06
917.62;34.13
918.63;34.19
919.64;34.25
920.65;34.31
921.66;34.44
922.66;34.44
923.67;34.5
924.68;34.56
925.69;34.56
926.7;34.69
927.71;34.69
928.72;34.75
929.72;34.75
930.73;34.81
931.74;34.81
932.75;34.81
933.76;34.81
934.77;34.81
935.77;34.88
936.79;34.88
937.79;34.88
938.8;34.88
939.81;34.88
940.82;34.88
941.83;34.88
942.84;34.88
943.85;34.94
944.85;34.94
945.86;34.88
946.87;34.94
947.88;34.94
948.89;34.94
949.89;34.94
950.9;34.94
951.91;34.94
952.92;35
953.93;35
954.94;35
955.95;35
956.95;34.94
957.97;34.94
958.97;35
959.98;34.94
960.99;34.94
962;35
963.01;34.94
964.02;34.94
965.03;35
966.03;35
967.04;35
968.05;35.06
969.06;35.06
970.07;35
971.08;35
972.09;35
973.09;34.94
974.1;34.94
975.11;34.94
976.12;34.94
977.13;35
978.14;35
979.15;35.06
980.15;35.13
981.16;35.13
982.17;35.06
983.18;35
984.19;35.06
985.2;35.06
986.21;35
987.22;35
988.22;35
989.23;35.06
990.24;35.06
991.25;35.13
992.26;35.13
993.27;35.13
994.27;35.13
995.28;35.13
996.29;35.13
997.3;35.13
998.31;35.13
999.32;35.13
1000.33;35.13
1001.34;35.13
1002.35;35.13
1003.35;35.13
1004.36;35.19
1005.37;35.19
1006.38;35.19
1007.39;35.25
1008.39;35.25
1009.4;35.25
1010.41;35.25
1011.42;35.31
1012.43;35.25
1013.44;35.25
1014.45;35.19
1015.46;35.19
1016.47;35.19
1017.47;35.19
1018.48;35.13
1019.49;35.06
1020.5;35.13
1021.51;35.13
1022.52;35.13
1023.53;35.19
1024.53;35.25
1025.55;35.31
1026.55;35.31
1027.56;35.31
1028.57;35.31
1029.58;35.31
1030.59;35.31
1031.6;35.31
1032.6;35.31
1033.61;35.38
1034.62;35.31
1035.63;35.25
1036.64;35.19
1037.65;35.13
1038.65;35.19
1039.67;35.13
1040.67;35.13
1041.68;35.13
1042.69;35.06
1043.7;35.06
1044.71;35
1045.72;35
1046.73;35
1047.73;35
1048.74;35
1049.75;35
1050.76;34.94
1051.77;34.94
1052.78;34.81
1053.79;34.88
1054.79;34.88
1055.81;34.88
1056.81;34.88
1057.82;34.88
1058.83;34.81
1059.84;34.75
1060.85;34.81
1061.86;34.81
1062.86;34.81
1063.87;34.81
1064.88;34.81
1065.89;34.75
1066.9;34.69
1067.91;34.69
1068.91;34.75
1069.92;34.69
1070.93;34.75
1071.94;34.69
1072.95;34.69
1073.96;34.69
1074.97;34.75
1075.97;34.75
1076.98;34.75
1077.99;34.69
1079;34.75
1080.01;34.75
1081.02;34.75
1082.03;34.81
1083.04;34.75
1084.05;34.75
1085.05;34.75
1086.06;34.69
1087.07;34.63
1088.08;34.63
1089.09;34.56
1090.1;34.63
1091.1;34.63
1092.11;34.63
1093.12;34.69
1094.13;34.69
1095.14;34.69
1096.15;34.69
1097.15;34.69
1098.16;34.75
1099.17;34.75
1100.18;34.75
1101.19;34.75
1102.2;34.75
1103.21;34.69
1104.21;34.69
1105.22;34.69
1106.23;34.69
1107.24;34.75
1108.25;34.69
1109.26;34.75
1110.27;34.75
1111.27;34.69
1112.28;34.69
1113.29;34.63
1114.3;34.69
1115.31;34.63
1116.32;34.63
1117.33;34.63
1118.34;34.69
1119.34;34.63
1120.35;34.63
1121.36;34.69
1122.37;34.69
1123.38;34.75
1124.39;34.75
1125.39;34.75
1126.4;34.75
1127.41;34.75
1128.42;34.75
1129.43;34.75
1130.44;34.75
1131.45;34.69
1132.45;34.69
1133.47;34.69
1134.47;34.69
1135.48;34.69
1136.49;34.69
1137.5;34.69
1138.51;34.75
1139.52;34.81
1140.52;34.81
1141.53;34.81
1142.54;34.81
1143.55;34.75
1144.56;34.69
1145.57;34.75
1146.58;34.69
1147.58;34.69
1148.59;34.75
1149.6;34.69
1150.61;34.69
1151.62;34.69
1152.63;34.69
1153.63;34.69
1154.64;34.69
1155.65;34.69
1156.66;34.69
1157.67;34.69
1158.68;34.75
1159.69;34.75
1160.7;34.75
1161.7;34.75
1162.71;34.75
1163.72;34.69
1164.73;34.69
1165.74;34.75
1166.75;34.75
1167.76;34.81
1168.76;34.75
1169.77;34.75
1170.78;34.69
1171.79;34.69
1172.8;34.63
1173.81;34.63
1174.82;34.63
1175.82;34.69
1176.83;34.63
1177.84;34.63
1178.85;34.63
1179.86;34.69
1180.87;34.63
1181.88;34.69
1182.89;34.69
1183.89;34.75
1184.9;34.69
1185.91;34.63
1186.92;34.69
1187.92;34.63
1188.94;34.63
1189.95;34.63
1190.95;34.69
1191.96;34.75
1192.97;34.69
1193.98;34.69
1194.99;34.63
1196;34.69
1197;34.69
1198.01;34.75
1199.02;34.75
1200.03;34.81
1201.04;34.81
1202.05;34.88
1203.06;34.88
1204.07;34.81
1205.08;34.81
1206.08;34.75
1207.09;34.81
1208.1;34.81
1209.11;34.81
1210.12;34.75
1211.13;34.75
1212.13;34.75
1213.14;34.75
1214.15;34.69
1215.16;34.75
1216.17;34.81
1217.18;34.88
1218.19;34.81
1219.19;34.75
1220.21;34.81
1221.21;34.75
1222.22;34.69
1223.23;34.69
1224.24;34.63
1225.25;34.69
1226.26;34.63
1227.26;34.69
1228.27;34.69
1229.28;34.75
1230.29;34.75
1231.3;34.81
1232.31;34.81
1233.32;34.88
1234.32;34.88
1235.33;34.88
1236.34;34.88
1237.35;34.88
1238.36;34.94
1239.37;34.88
1240.38;34.88
1241.39;34.94
1242.39;34.94
1243.4;34.94
1244.41;35
1245.42;34.94
1246.43;34.94
1247.44;34.94
1248.45;34.94
1249.45;34.94
1250.46;35
1251.47;35
1252.48;35
1253.49;35
1254.5;34.94
1255.5;34.94
1256.51;35
1257.53;35.06
1258.53;35.06
1259.54;35.06
1260.55;35
1261.56;35
1262.57;35
1263.58;35
1264.58;34.94
1265.59;35.06
1266.6;35
1267.61;35
1268.62;35.06
1269.63;35.06
1270.63;35.06
1271.64;35
1272.65;35
1273.66;34.94
1274.67;34.94
1275.68;35
1276.68;35
1277.69;35
1278.71;35.06
1279.71;35.13
1280.72;35.13
1281.73;35.13
1282.74;35.06
1283.75;35.06
1284.76;35.06
1285.76;35
1286.77;35
1287.78;35
1288.79;35.06
1289.8;35.06
1290.81;35.06
1291.82;35.13
1292.82;35.06
1293.84;35.06
1294.84;35.13
1295.85;35.13
1296.86;35.19
1297.87;35.19
1298.88;35.19
1299.89;35.19
1300.89;35.31
1301.9;35.25
1302.91;35.25
1303.92;35.25
1304.93;35.25
1305.94;35.25
1306.95;35.25
1307.96;35.31
1308.97;35.25
1309.97;35.25
1310.98;35.25
1311.99;35.25
1313;35.19
1314.01;35.19
1315.02;35.19
1316.02;35.19
1317.04;35.19
1318.04;35.19
1319.05;35.19
1320.06;35.25
1321.07;35.25
1322.08;35.25
1323.09;35.25
1324.1;35.25
1325.1;35.25
1326.11;35.25
1327.12;35.25
1328.13;35.19
1329.14;35.13
1330.15;35.19
1331.15;35.19
1332.17;35.19
1333.17;35.13
1334.18;35.13
1335.19;35.06
1336.2;35.06
1337.21;35.06
1338.22;35.13
1339.22;35.13
1340.23;35.13
1341.24;35.13
1342.25;35.13
1343.26;35.13
1344.27;35.06
1345.28;35.06
1346.28;35.06
1347.3;35.13
1348.3;35.13
1349.31;35.13
1350.32;35.19
1351.33;35.19
1352.34;35.19
1353.35;35.19
1354.35;35.13
1355.36;35.13
1356.37;35.13
1357.38;35.13
1358.39;35.13
1359.4;35.13
1360.4;35.13
1361.41;35.13
1362.43;35.13
1363.43;35.13
1364.44;35.13
1365.45;35.13
1366.46;35.13
1367.47;35.19
1368.48;35.19
1369.49;35.19
1370.49;35.25
1371.5;35.25
1372.51;35.19
1373.52;35.19
1374.53;35.19
1375.54;35.19
1376.54;35.19
1377.56;35.25
1378.56;35.19
1379.57;35.19
1380.58;35.19
1381.59;35.19
1382.6;35.19
1383.61;35.19
1384.62;35.19
1385.62;35.13
1386.63;35.13
1387.64;35.13
1388.65;35.13
1389.66;35.13
1390.67;35.13
1391.68;35.06
1392.68;35.06
1393.69;35.13
1394.7;35.13
1395.71;35.13
1396.72;35.19
1397.73;35.19
1398.74;35.25
1399.74;35.25
1400.75;35.25
1401.76;35.25
1402.77;35.25
1403.78;35.25
1404.79;35.19
1405.8;35.19
1406.81;35.13
1407.82;35.13
1408.82;35.13
1409.83;35.13
1410.84;35.13
1411.85;35.06
1412.86;35.06
1413.87;35.13
1414.87;35.19
1415.88;35.25
1416.89;35.25
1417.9;35.25
1418.91;35.19
1419.92;35.19
1420.92;35.19
1421.93;35.25
1422.94;35.19
1423.95;35.19
1424.96;35.25
1425.97;35.25
1426.98;35.31
1427.99;35.25
1429;35.25
1430;35.25
1431.01;35.25
1432.02;35.31
1433.03;35.25
1434.04;35.25
1435.05;35.31
1436.06;35.31
1437.07;35.31
1438.07;35.31
1439.08;35.31
1440.09;35.31
1441.1;35.31
1442.11;35.31
1443.12;35.25
1444.13;35.25
1445.13;35.31
1446.14;35.25
1447.15;35.25
1448.16;35.31
1449.17;35.31
1450.18;35.31
1451.18;35.31
1452.2;35.31
1453.21;35.38
1454.21;35.44
1455.22;35.44
1456.23;35.44
1457.24;35.38
1458.25;35.31
1459.26;35.31
1460.26;35.31
1461.27;35.31
1462.28;35.19
1463.29;35.13
1464.3;35.13
1465.31;35.13
1466.31;35.19
1467.33;35.19
1468.34;35.19
1469.34;35.25
1470.35;35.31
1471.36;35.31
1472.37;35.25
1473.38;35.38
1474.39;35.38
1475.39;35.44
1476.4;35.44
1477.41;35.38
1478.42;35.44
1479.43;35.44
1480.44;35.5
1481.45;35.5
1482.46;35.56
1483.46;35.56
1484.47;35.63
1485.48;35.63
1486.49;35.63
1487.5;35.63
1488.51;35.56
1489.52;35.63
1490.53;35.63
1491.54;35.63
1492.54;35.56
1493.55;35.56
1494.56;35.56
1495.57;35.56
1496.58;35.63
1497.59;35.63
1498.59;35.69
1499.6;35.63
1500.61;35.63
1501.62;35.63
1502.63;35.69
1503.64;35.63
1504.65;35.5
1505.66;35.5
1506.66;35.5
1507.67;35.5
1508.68;35.5
1509.69;35.5
1510.7;35.44
1511.71;35.44
1512.72;35.44
1513.73;35.44
1514.74;35.44
1515.75;35.44
1516.75;35.44
1517.76;35.44
1518.77;35.44
1519.78;35.44
1520.79;35.38
1521.8;35.31
1522.8;35.31
1523.81;35.38
1524.82;35.38
1525.83;35.38
1526.84;35.44
1527.85;35.44
1528.86;35.44
1529.87;35.44
1530.87;35.38
1531.88;35.38
1532.89;35.44
1533.9;35.44
1534.91;35.38
1535.92;35.38
1536.93;35.44
1537.93;35.44
1538.94;35.31
1539.95;35.31
1540.96;35.25
1541.97;35.31
1542.98;35.31
1543.99;35.38
1544.99;35.44
1546.01;35.44
1547.01;35.44
1548.02;35.44
1549.03;35.38
1550.04;35.38
1551.05;35.44
1552.06;35.38
1553.07;35.38
1554.07;35.44
1555.08;35.44
1556.09;35.44
1557.1;35.44
1558.11;35.44
1559.12;35.5
1560.12;35.5
1561.13;35.5
1562.14;35.44
1563.15;35.44
1564.16;35.44
1565.17;35.44
1566.18;35.44
1567.19;35.44
1568.19;35.44
1569.21;35.44
1570.21;35.5
1571.22;35.56
1572.23;35.5
1573.24;35.5
1574.25;35.5
1575.26;35.56
1576.26;35.56
1577.27;35.56
1578.28;35.56
1579.29;35.56
1580.3;35.56
1581.31;35.5
1582.31;35.56
1583.33;35.56
1584.34;35.56
1585.34;35.5
1586.35;35.44
1587.36;35.38
1588.37;35.31
1589.38;35.38
1590.38;35.31
1591.39;35.25
1592.4;35.25
1593.41;35.25
1594.42;35.25
1595.43;35.31
1596.44;35.25
1597.45;35.31
1598.46;35.31
1599.46;35.31
1600.47;35.31
1601.48;35.31
1602.49;35.25
1603.5;35.31
1604.51;35.38
1605.51;35.31
1606.53;35.31
1607.53;35.31
1608.54;35.31
1609.55;35.31
1610.56;35.25
1611.57;35.31
1612.58;35.31
1613.58;35.38
1614.59;35.38
1615.6;35.44
1616.61;35.44
1617.62;35.44
1618.63;35.5
1619.63;35.44
1620.65;35.44
1621.65;35.44
1622.66;35.44
1623.67;35.44
1624.68;35.44
1625.69;35.44
1626.7;35.38
1627.71;35.38
1628.71;35.38
1629.72;35.38
1630.73;35.38
1631.74;35.31
1632.75;35.31
1633.76;35.31
1634.76;35.38
1635.78;35.31
1636.78;35.38
1637.79;35.38
1638.8;35.38
1639.81;35.38
1640.82;35.31
1641.83;35.38
1642.84;35.38
1643.84;35.38
1644.85;35.31
1645.86;35.31
1646.87;35.31
1647.88;35.38
1648.88;35.38
1649.9;35.38
1650.9;35.38
1651.91;35.38
1652.92;35.38
1653.93;35.38
1654.94;35.44
1655.95;35.38
1656.96;35.38
1657.96;35.44
1658.98;35.44
1659.98;35.5
1660.99;35.5
1662;35.5
1663.01;35.5
1664.02;35.5
1665.03;35.44
1666.03;35.38
1667.04;35.44
1668.05;35.44
1669.06;35.44
1670.07;35.5
1671.08;35.5
1672.08;35.56
1673.1;35.56
1674.1;35.56
1675.11;35.56
1676.12;35.56
1677.13;35.5
1678.14;35.44
1679.15;35.5
1680.15;35.44
1681.16;35.44
1682.17;35.38
1683.18;35.31
1684.19;35.31
1685.2;35.25
1686.21;35.25
1687.21;35.25
1688.23;35.31
1689.23;35.31
1690.24;35.31
1691.25;35.31
1692.26;35.31
1693.27;35.25
1694.28;35.31
1695.28;35.31
1696.29;35.25
1697.3;35.31
1698.31;35.31
1699.32;35.38
1700.33;35.44
1701.34;35.44
1702.34;35.38
1703.35;35.38
1704.36;35.38
1705.37;35.44
1706.38;35.44
1707.38;35.44
1708.4;35.44
1709.41;35.44
1710.41;35.38
1711.42;35.38
1712.43;35.31
1713.44;35.38
1714.45;35.44
1715.46;35.44
1716.46;35.44
1717.48;35.5
1718.48;35.56
1719.49;35.56
1720.5;35.56
1721.51;35.56
1722.52;35.63
1723.53;35.63
1724.54;35.63
1725.54;35.63
1726.55;35.63
1727.56;35.69
1728.57;35.69
1729.58;35.75
1730.59;35.81
1731.6;35.81
1732.6;35.75
1733.61;35.69
1734.62;35.69
1735.63;35.69
1736.64;35.69
1737.65;35.69
1738.65;35.69
1739.66;35.69
1740.67;35.69
1741.68;35.75
1742.69;35.69
1743.7;35.69
1744.71;35.63
1745.72;35.63
1746.73;35.63
1747.73;35.63
1748.74;35.56
1749.75;35.5
1750.76;35.5
1751.77;35.44
1752.78;35.44
1753.78;35.44
1754.8;35.44
1755.8;35.44
1756.81;35.44
1757.82;35.44
1758.83;35.44
1759.84;35.5
1760.85;35.5
1761.86;35.5
1762.86;35.56
1763.87;35.56
1764.88;35.5
1765.89;35.5
1766.9;35.56
1767.9;35.56
1768.91;35.5
1769.92;35.5
1770.93;35.44
1771.94;35.5
1772.95;35.5
1773.96;35.56
1774.97;35.56
1775.98;35.56
1776.98;35.56
1777.99;35.5
1779;35.44
1780.01;35.44
1781.02;35.38
1782.03;35.31
1783.04;35.25
1784.04;35.25
1785.05;35.25
1786.06;35.25
1787.07;35.31
1788.08;35.31
1789.09;35.31
1790.1;35.31
1791.11;35.31
1792.11;35.31
1793.12;35.38
1794.13;35.44
1795.14;35.44
1796.15;35.5
1797.15;35.56
1798.16;35.56
1799.17;35.63
1800.18;35.63
1801.19;35.69
1802.2;35.69
1803.21;35.75
1804.22;35.75
1805.23;35.81
1806.23;35.88
1807.24;35.88
1808.25;35.88
1809.26;35.88
1810.27;35.94
1811.28;35.88
1812.29;35.94
1813.3;35.94
1814.3;35.94
1815.31;35.94
1816.32;35.94
1817.33;36
1818.34;36
1819.35;36
1820.36;36.06
1821.36;36.13
1822.37;36.13
1823.38;36.13
1824.39;36.06
1825.4;36.06
1826.41;36.06
1827.42;36.06
1828.42;36.06
1829.43;36
1830.44;36.06
1831.45;36
1832.46;36.06
1833.47;36.06
1834.48;36.06
1835.49;36.06
1836.5;36.06
1837.5;36.13
1838.51;36.19
1839.52;36.19
1840.53;36.19
1841.54;36.25
1842.55;36.19
1843.56;36.13
1844.57;36.13
1845.57;36.13
1846.58;36
1847.59;36
1848.6;36
1849.61;36.06
1850.62;36
1851.62;36.06
1852.63;36.13
1853.64;36.13
1854.65;36.13
1855.66;36.13
1856.67;36.13
1857.68;36.06
1858.69;36.06
1859.7;36.06
1860.7;36
1861.71;36
1862.72;36
1863.73;36.06
1864.74;36.06
1865.75;36.13
1866.76;36.13
1867.77;36.13
1868.77;36.19
1869.78;36.19
1870.79;36.19
1871.8;36.25
1872.81;36.19
1873.82;36.25
1874.83;36.25
1875.84;36.25
1876.84;36.25
1877.85;36.25
1878.86;36.25
1879.87;36.31
1880.88;36.31
1881.89;36.25
1882.89;36.25
1883.91;36.13
1884.91;36.13
1885.92;36.19
1886.93;36.19
1887.94;36.25
1888.95;36.25
1889.96;36.25
1890.97;36.25
1891.97;36.31
1892.98;36.31
1893.99;36.38
1895;36.31
1896.01;36.38
1897.02;36.38
1898.03;36.44
1899.04;36.44
1900.04;36.44
1901.05;36.44
1902.06;36.5
1903.07;36.5
1904.08;36.5
1905.09;36.5
1906.1;36.56
1907.11;36.56
1908.11;36.56
1909.12;36.5
1910.13;36.5
1911.14;36.5
1912.15;36.44
1913.16;36.38
1914.17;36.38
1915.18;36.31
1916.18;36.19
1917.19;36.13
1918.2;36
1919.21;36
1920.22;36.06
1921.23;36
1922.23;35.94
1923.25;35.94
1924.26;35.94
1925.26;35.94
1926.27;35.94
1927.28;35.94
1928.29;35.88
1929.3;35.88
1930.31;35.94
1931.31;35.94
1932.32;35.94
1933.33;36
1934.34;35.94
1935.35;35.88
1936.36;35.88
1937.37;35.75
1938.38;35.81
1939.38;35.81
1940.39;35.81
1941.4;35.75
1942.41;35.75
1943.42;35.81
1944.42;35.81
1945.43;35.81
1946.45;35.81
1947.45;35.75
1948.46;35.75
1949.47;35.69
1950.48;35.69
1951.49;35.75
1952.5;35.75
1953.5;35.75
1954.51;35.69
1955.52;35.69
1956.53;35.69
1957.54;35.63
1958.55;35.63
1959.56;35.69
1960.57;35.69
1961.58;35.63
1962.58;35.63
1963.59;35.63
1964.6;35.63
1965.61;35.63
1966.62;35.69
1967.63;35.69
1968.63;35.69
1969.64;35.63
1970.65;35.63
1971.66;35.69
1972.67;35.69
1973.68;35.69
1974.69;35.75
1975.7;35.75
1976.7;35.75
1977.71;35.75
1978.72;35.75
1979.73;35.63
1980.74;35.63
1981.75;35.69
1982.75;35.69
1983.77;35.75
1984.77;35.69
1985.78;35.69
1986.79;35.75
1987.8;35.75
1988.81;35.75
1989.82;35.75
1990.83;35.81
1991.83;35.81
1992.85;35.81
1993.85;35.81
1994.86;35.88
1995.87;35.88
1996.88;35.88
1997.89;35.88
1998.89;35.81
1999.9;35.75
2000.91;35.81
2001.92;35.88
2002.93;35.88
2003.94;35.88
2004.95;35.88
2005.95;36
2006.97;36
2007.97;36
2008.98;36
2009.99;36
2011;36
2012.01;36
2013.02;36
2014.02;36
2015.03;35.94
2016.05;35.88
2017.05;35.81
2018.06;35.81
2019.07;35.81
2020.08;35.81
2021.09;35.81
2022.1;35.75
2023.1;35.69
2024.11;35.69
2025.12;35.69
2026.13;35.69
2027.14;35.63
2028.14;35.63
2029.15;35.69
2030.16;35.69
2031.17;35.75
2032.18;35.69
2033.19;35.69
2034.2;35.69
2035.21;35.69
2036.22;35.75
2037.22;35.69
2038.23;35.69
2039.24;35.69
2040.25;35.69
2041.26;35.69
2042.27;35.69
2043.28;35.69
2044.29;35.69
2045.29;35.63
2046.3;35.69
2047.31;35.69
2048.32;35.63
2049.33;35.69
2050.34;35.69
2051.35;35.69
2052.35;35.69
2053.37;35.75
2054.37;35.75
2055.38;35.75
2056.39;35.69
2057.4;35.69
2058.41;35.69
2059.42;35.63
2060.42;35.63
2061.43;35.56
2062.44;35.56
2063.45;35.56
2064.46;35.63
2065.47;35.56
2066.47;35.56
2067.49;35.63
2068.49;35.63
2069.5;35.69
2070.51;35.69
2071.52;35.63
2072.53;35.56
2073.54;35.44
2074.55;35.5
2075.55;35.56
2076.56;35.56
2077.57;35.63
2078.58;35.63
2079.59;35.63
2080.6;35.69
2081.6;35.69
2082.62;35.69
2083.62;35.69
2084.63;35.69
2085.64;35.69
2086.65;35.75
2087.66;35.75
2088.66;35.75
2089.67;35.75
2090.68;35.75
2091.69;35.69
2092.7;35.69
2093.71;35.69
2094.72;35.69
2095.72;35.75
2096.74;35.75
2097.74;35.81
2098.75;35.75
2099.76;35.81
2100.77;35.81
2101.78;35.75
2102.79;35.81
2103.79;35.81
2104.8;35.88
2105.81;35.88
2106.82;35.88
2107.83;35.88
2108.84;35.88
2109.85;35.94
2110.86;35.94
2111.87;36
2112.87;36
2113.88;36
2114.89;35.94
2115.9;35.94
2116.91;36
2117.92;36
2118.93;36.06
2119.93;36.06
2120.94;36.13
2121.95;36.13
2122.96;36.13
2123.97;36.19
2124.98;36.13
2125.99;36.06
2126.99;36.06
2128.01;36.06
2129.01;36
2130.02;36
2131.03;36
2132.04;36.06
2133.05;36.06
2134.06;36.13
2135.06;36.19
2136.07;36.13
2137.08;36.13
2138.09;36.13
2139.1;36.13
2140.11;36.13
2141.12;36.13
2142.13;36.13
2143.13;36.19
2144.14;36.13
2145.15;36.19
2146.16;36.13
2147.17;36.13
2148.18;36.13
2149.19;36.13
2150.19;36.19
2151.2;36.25
2152.21;36.19
2153.22;36.19
2154.23;36.13
2155.24;36.13
2156.25;36.13
2157.26;36.19
2158.26;36.06
2159.27;36.06
2160.28;36.13
2161.29;36.06
2162.3;36.06
2163.31;36.06
2164.31;36.13
2165.33;36
2166.33;36.06
2167.34;36.13
2168.35;36.13
2169.36;36.19
2170.37;36.25
2171.38;36.25
2172.38;36.25
2173.39;36.19
2174.4;36.13
2175.41;36.06
2176.42;36.06
2177.43;36.19
2178.43;36.13
2179.45;36.13
2180.46;36.13
2181.46;36.06
2182.47;36.06
2183.48;36
2184.49;36
2185.5;36
2186.51;36.06
2187.51;36.06
2188.53;36.06
2189.53;36.06
2190.54;36
2191.55;35.94
2192.56;35.94
2193.57;35.94
2194.58;35.88
2195.58;35.81
2196.59;35.81
2197.6;35.75
2198.61;35.75
2199.62;35.69
2200.63;35.63
2201.64;35.63
2202.65;35.69
2203.65;35.69
2204.66;35.81
2205.67;35.75
2206.68;35.69
2207.69;35.69
2208.7;35.75
2209.7;35.75
2210.72;35.69
2211.73;35.63
2212.73;35.63
2213.74;35.63
2214.75;35.63
2215.76;35.63
2216.77;35.56
2217.78;35.63
2218.78;35.63
2219.79;35.69
2220.8;35.69
2221.81;35.69
2222.82;35.69
2223.83;35.69
2224.84;35.69
2225.85;35.69
2226.85;35.69
2227.86;35.69
2228.87;35.69
2229.88;35.69
2230.89;35.69
2231.9;35.69
2232.9;35.75
2233.92;35.81
2234.92;35.75
2235.93;35.75
2236.94;35.75
2237.95;35.75
2238.96;35.81
2239.97;35.81
2240.98;35.81
2241.98;35.69
2242.99;35.69
2244;35.69
2245.01;35.75
2246.02;35.69
2247.03;35.75
2248.03;35.81
2249.05;35.81
2250.05;35.75
2251.06;35.75
2252.07;35.81
2253.08;35.81
2254.09;35.81
2255.1;35.81
2256.1;35.81
2257.11;35.88
2258.12;35.88
2259.13;35.94
2260.14;36
2261.15;36
2262.15;36
2263.17;36
2264.17;36
2265.18;36
2266.19;36
2267.2;36
2268.21;36.06
2269.22;36.06
2270.23;36
2271.23;36
2272.25;36
2273.25;36
2274.26;36
2275.27;36
2276.28;35.94
2277.29;35.94
2278.3;35.94
2279.3;35.94
2280.31;35.88
2281.32;35.81
2282.33;35.81
2283.34;35.81
2284.35;35.75
2285.35;35.75
2286.37;35.75
2287.37;35.75
2288.38;35.75
2289.39;35.81
2290.4;35.81
2291.41;35.88
2292.42;35.88
2293.42;35.88
2294.43;35.88
2295.44;35.81
2296.45;35.81
2297.46;35.81
2298.47;35.81
2299.48;35.94
2300.49;35.94
2301.49;36
2302.5;36.06
2303.51;36.06
2304.52;36.06
2305.53;36.13
2306.54;36.13
2307.55;36.13
2308.55;36.19
2309.57;36.19
2310.57;36.19
2311.58;36.19
2312.59;36.19
2313.6;36.19
2314.61;36.19
2315.62;36.19
2316.62;36.13
2317.63;36.19
2318.64;36.19
2319.65;36.19
2320.66;36.25
2321.67;36.31
2322.67;36.31
2323.69;36.31
2324.7;36.31
2325.7;36.38
2326.71;36.44
2327.72;36.5
2328.73;36.5
2329.74;36.5
2330.74;36.5
2331.75;36.56
2332.77;36.56
2333.77;36.5
2334.78;36.44
2335.79;36.38
2336.8;36.38
2337.81;36.38
2338.82;36.31
2339.82;36.25
2340.84;36.19
2341.84;36.19
2342.85;36.13
2343.86;36.06
2344.87;36.06
2345.88;36
2346.89;35.94
2347.89;35.94
2348.9;36
2349.91;36.06
2350.92;36.06
2351.93;36.06
2352.94;36.06
2353.95;36.13
2354.96;36.13
2355.96;36.13
2356.97;36.06
2357.98;36
2358.99;35.94
2360;35.94
2361.01;35.94
2362.02;35.88
2363.02;35.88
2364.03;35.88
2365.04;35.88
2366.05;35.94
2367.06;36.06
2368.07;36.13
2369.08;36.13
2370.09;36.19
2371.09;36.31
2372.1;36.31
2373.11;36.38
2374.12;36.44
2375.13;36.5
2376.14;36.5
2377.15;36.56
2378.16;36.5
2379.16;36.5
2380.17;36.44
2381.18;36.38
2382.19;36.38
2383.2;36.38
2384.21;36.38
2385.21;36.31
2386.23;36.31
2387.23;36.31
2388.24;36.31
2389.25;36.38
2390.26;36.44
2391.27;36.44
2392.28;36.5
2393.29;36.5
2394.3;36.5
2395.3;36.56
2396.31;36.56
2397.32;36.63
2398.33;36.63
2399.34;36.69
2400.35;36.69
2401.35;36.75
2402.36;36.75
2403.38;36.81
2404.38;36.81
2405.39;36.88
2406.4;36.88
2407.41;36.88
2408.42;36.88
2409.43;36.81
2410.43;36.81
2411.45;36.81
2412.45;36.88
2413.46;36.88
2414.47;36.88
2415.48;36.94
2416.49;36.94
2417.5;36.94
2418.51;36.94
2419.52;37
2420.52;37
2421.53;37
2422.54;37
2423.55;37
2424.56;37
2425.57;37
2426.58;37
2427.59;36.94
2428.59;36.88
2429.6;36.88
2430.61;36.81
2431.62;36.75
2432.63;36.75
2433.64;36.75
2434.64;36.75
2435.66;36.69
2436.66;36.69
2437.67;36.75
2438.68;36.69
2439.69;36.69
2440.7;36.63
2441.71;36.5
2442.71;36.5
2443.73;36.44
2444.74;36.38
2445.74;36.38
2446.75;36.38
2447.76;36.44
2448.77;36.5
2449.78;36.5
2450.79;36.44
2451.79;36.5
2452.8;36.56
2453.81;36.56
2454.82;36.5
2455.83;36.5
2456.84;36.44
2457.85;36.44
2458.86;36.44
2459.86;36.44
2460.87;36.38
2461.88;36.38
2462.89;36.44
2463.9;36.44
2464.91;36.44
2465.92;36.38
2466.93;36.44
2467.93;36.44
2468.94;36.38
2469.95;36.38
2470.96;36.38
2471.97;36.44
2472.98;36.31
2473.98;36.31
2475;36.31
2476.01;36.25
2477.01;36.25
2478.02;36.25
2479.03;36.19
2480.04;36.19
2481.05;36.19
2482.06;36.13
2483.06;36.19
2484.08;36.13
2485.08;36.13
2486.09;36.13
2487.1;36.13
2488.11;36.06
2489.12;36
2490.12;36
2491.13;36
2492.14;36.06
2493.15;36
2494.16;36.06
2495.17;36.06
2496.18;36.06
2497.18;36.06
2498.2;36.06
2499.2;36.06
2500.21;36.13
2501.22;36.13
2502.23;36.25
2503.24;36.25
2504.25;36.25
2505.25;36.31
2506.26;36.44
2507.28;36.5
2508.28;36.56
2509.29;36.56
2510.3;36.63
2511.31;36.63
2512.32;36.63
2513.33;36.63
2514.33;36.69
2515.35;36.75
2516.35;36.75
2517.36;36.75
2518.37;36.75
2519.38;36.75
2520.39;36.75
2521.39;36.75
2522.4;36.75
2523.41;36.75
2524.42;36.81
2525.43;36.81
2526.44;36.81
2527.45;36.81
2528.46;36.88
2529.47;36.94
2530.47;36.88
2531.48;36.88
2532.49;36.88
2533.5;36.88
2534.51;36.81
2535.52;36.81
2536.53;36.75
2537.54;36.75
2538.54;36.81
2539.55;36.81
2540.56;36.81
2541.57;36.81
2542.58;36.69
2543.59;36.63
2544.6;36.63
2545.61;36.63
2546.61;36.63
2547.62;36.63
2548.63;36.5
2549.64;36.5
2550.65;36.5
2551.66;36.44
2552.66;36.38
2553.68;36.38
2554.68;36.44
2555.69;36.38
2556.7;36.44
2557.71;36.44
2558.72;36.31
2559.73;36.38
2560.74;36.38
2561.74;36.44
2562.75;36.38
2563.76;36.38
2564.77;36.31
2565.78;36.44
2566.79;36.44
2567.8;36.38
2568.8;36.31
2569.81;36.31
2570.82;36.25
2571.83;36.25
2572.84;36.25
2573.85;36.25
2574.86;36.19
2575.87;36.19
2576.87;36.25
2577.88;36.25
2578.89;36.25
2579.9;36.25
2580.91;36.25
2581.92;36.25
2582.92;36.25
2583.93;36.25
2584.94;36.25
2585.95;36.13
2586.96;36.13
2587.97;36.13
2588.98;36.19
2589.99;36.19
2591;36.19
2592;36.13
2593.01;36.19
2594.02;36.19
2595.03;36.19
2596.04;36.19
2597.05;36.13
2598.05;36.13
2599.06;36.13
2600.07;36.19
2601.08;36.13
2602.09;36.19
2603.1;36.25
2604.11;36.25
2605.12;36.25
2606.12;36.25
2607.13;36.25
2608.14;36.38
2609.15;36.44
2610.16;36.44
2611.17;36.44
2612.18;36.5
2613.19;36.44
2614.19;36.38
2615.2;36.44
2616.21;36.44
2617.22;36.38
2618.23;36.38
2619.24;36.38
2620.25;36.38
2621.26;36.31
2622.26;36.31
2623.27;36.25
2624.28;36.25
2625.29;36.25
2626.3;36.19
2627.31;36.25
2628.31;36.25
2629.33;36.19
2630.33;36.13
2631.34;36.13
2632.35;36.19
2633.36;36.13
2634.37;36.06
2635.38;36
2636.38;36
2637.39;36
2638.4;36
2639.41;36
2640.42;35.88
2641.43;35.94
2642.43;35.94
2643.44;35.88
2644.45;35.88
2645.46;35.94
2646.47;35.94
2647.48;35.88
2648.49;35.94
2649.5;35.94
2650.51;36
2651.51;36
2652.52;36
2653.53;36.06
2654.54;36.06
2655.55;36
2656.56;36
2657.56;36
2658.57;36
2659.58;35.94
2660.59;35.94
2661.6;36
2662.61;35.94
2663.62;36
2664.62;36
2665.63;36
2666.64;36
2667.65;36
2668.66;35.94
2669.67;36
2670.67;35.94
2671.68;36
2672.7;36
2673.7;35.94
2674.71;35.94
2675.72;35.94
2676.73;35.94
2677.74;35.88
2678.75;35.88
2679.75;35.88
2680.76;35.88
2681.77;35.94
2682.78;35.88
2683.79;35.94
2684.8;36
2685.8;36
2686.82;36.06
2687.82;36.06
2688.83;36.06
2689.84;36.06
2690.85;36
2691.86;36
2692.87;36.06
2693.87;36.13
2694.88;36.19
2695.89;36.19
2696.9;36.25
2697.91;36.31
2698.92;36.31
2699.93;36.38
2700.94;36.38
2701.94;36.44
2702.95;36.5
2703.96;36.5
2704.97;36.5
2705.98;36.63
2706.99;36.63
2707.99;36.69
2709.01;36.69
2710.01;36.75
2711.02;36.69
2712.03;36.69
2713.04;36.63
2714.05;36.63
2715.06;36.69
2716.07;36.69
2717.08;36.69
2718.08;36.69
2719.09;36.69
2720.1;36.69
2721.11;36.69
2722.12;36.69
2723.13;36.69
2724.13;36.69
2725.15;36.63
2726.15;36.5
2727.16;36.56
2728.17;36.63
2729.18;36.69
2730.19;36.69
2731.2;36.69
2732.2;36.69
2733.21;36.69
2734.22;36.69
2735.23;36.69
2736.24;36.69
2737.25;36.69
2738.26;36.56
2739.27;36.5
2740.28;36.5
2741.28;36.56
2742.3;36.5
2743.3;36.44
2744.31;36.44
2745.32;36.44
2746.33;36.44
2747.34;36.38
2748.35;36.38
2749.35;36.38
2750.36;36.38
2751.37;36.31
2752.38;36.31
2753.39;36.31
2754.4;36.31
2755.41;36.31
2756.41;36.38
2757.42;36.44
2758.43;36.44
2759.44;36.5
2760.45;36.56
2761.46;36.56
2762.47;36.56
2763.47;36.5
2764.49;36.5
2765.49;36.5
2766.5;36.44
2767.51;36.38
2768.52;36.38
2769.53;36.31
2770.54;36.31
2771.54;36.31
2772.56;36.31
2773.56;36.44
2774.57;36.44
2775.58;36.38
2776.59;36.38
2777.6;36.38
2778.61;36.44
2779.61;36.44
2780.62;36.38
2781.63;36.31
2782.64;36.31
2783.65;36.31
2784.66;36.19
2785.67;36.19
2786.67;36.19
2787.68;36.13
2788.69;36.06
2789.7;36.06
2790.71;36.13
2791.72;36.06
2792.73;36.13
2793.73;36.19
2794.75;36.19
2795.75;36.19
2796.76;36.19
2797.77;36.13
2798.78;36.19
2799.79;36.25
2800.8;36.31
2801.8;36.38
2802.81;36.38
2803.82;36.44
2804.83;36.5
2805.84;36.56
2806.85;36.56
2807.86;36.63
2808.87;36.63
2809.87;36.56
2810.88;36.56
2811.89;36.63
2812.9;36.63
2813.91;36.5
2814.92;36.44
2815.92;36.38
2816.94;36.44
2817.94;36.38
2818.95;36.25
2819.96;36.25
2820.97;36.19
2821.98;36.13
2822.99;36.19
2824;36.19
2825;36.19
2826.01;36.13
2827.02;36.13
2828.03;36.13
2829.04;36.19
2830.05;36.25
2831.06;36.25
2832.06;36.31
2833.07;36.38
2834.08;36.44
2835.09;36.44
2836.1;36.38
2837.11;36.44
2838.12;36.44
2839.13;36.44
2840.13;36.44
2841.14;36.5
2842.15;36.56
2843.16;36.56
2844.17;36.56
2845.18;36.63
2846.18;36.63
2847.19;36.63
2848.2;36.5
2849.21;36.5
2850.22;36.56
2851.23;36.56
2852.24;36.5
2853.25;36.56
2854.26;36.56
2855.26;36.5
2856.27;36.5
2857.28;36.44
2858.29;36.44
2859.3;36.44
2860.31;36.44
2861.31;36.44
2862.33;36.38
2863.33;36.38
2864.34;36.44
2865.35;36.44
2866.36;36.44
2867.37;36.38
2868.38;36.31
2869.38;36.31
2870.39;36.31
2871.4;36.31
2872.41;36.38
2873.42;36.44
2874.42;36.38
2875.44;36.44
2876.45;36.5
2877.45;36.5
2878.46;36.5
2879.47;36.5
2880.48;36.5
2881.49;36.56
2882.5;36.56
2883.51;36.63
2884.52;36.63
2885.52;36.69
2886.53;36.75
2887.54;36.75
2888.55;36.75
2889.56;36.69
2890.57;36.63
2891.57;36.63
2892.59;36.63
2893.59;36.69
2894.6;36.69
2895.61;36.69
2896.62;36.69
2897.63;36.75
2898.64;36.75
2899.64;36.75
2900.65;36.75
2901.66;36.69
2902.67;36.75
2903.68;36.75
2904.69;36.69
2905.7;36.69
2906.71;36.69
2907.71;36.69
2908.72;36.69
2909.73;36.69
2910.74;36.69
2911.75;36.69
2912.76;36.69
2913.77;36.75
2914.78;36.75
2915.78;36.75
2916.79;36.81
2917.8;36.75
2918.81;36.81
2919.82;36.75
2920.83;36.81
2921.84;36.88
2922.85;36.88
2923.86;36.81
2924.86;36.75
2925.87;36.75
2926.88;36.75
2927.89;36.69
2928.9;36.69
2929.9;36.69
2930.92;36.69
2931.92;36.75
2932.93;36.75
2933.94;36.75
2934.95;36.75
2935.96;36.81
2936.97;36.81
2937.97;36.81
2938.99;36.75
2940;36.75
2941;36.75
2942.01;36.81
2943.02;36.81
2944.03;36.88
2945.04;36.88
2946.05;36.88
2947.05;37
2948.06;37
2949.07;37
2950.08;36.94
2951.09;36.94
2952.1;36.94
2953.11;37
2954.12;37
2955.13;36.94
2956.13;36.81
2957.14;36.75
2958.15;36.81
2959.16;36.88
2960.17;36.94
2961.18;36.94
2962.19;36.94
2963.2;36.94
2964.2;36.88
2965.21;36.88
2966.22;36.81
2967.23;36.81
2968.24;36.81
2969.25;36.94
2970.26;36.88
2971.26;36.88
2972.27;36.81
2973.28;36.81
2974.29;36.75
2975.3;36.75
2976.31;36.75
2977.32;36.75
2978.33;36.75
2979.33;36.69
2980.35;36.63
2981.35;36.69
2982.36;36.69
2983.37;36.69
2984.38;36.63
2985.39;36.63
2986.39;36.69
2987.4;36.69
2988.41;36.63
2989.42;36.63
2990.43;36.69
2991.44;36.69
2992.45;36.75
2993.46;36.75
2994.46;36.75
2995.47;36.75
2996.48;36.81
2997.49;36.81
2998.5;36.81
2999.51;36.88
3000.52;36.81
3001.53;36.88
3002.54;36.81
3003.54;36.81
3004.55;36.75
3005.56;36.75
3006.57;36.75
3007.58;36.63
3008.59;36.63
3009.6;36.69
3010.61;36.63
3011.61;36.63
3012.62;36.63
3013.63;36.63
3014.64;36.56
3015.65;36.63
3016.66;36.63
3017.67;36.69
3018.67;36.75
3019.68;36.81
3020.69;36.81
3021.7;36.81
3022.71;36.81
3023.72;36.81
3024.73;36.81
3025.74;36.75
3026.75;36.75
3027.75;36.63
3028.76;36.56
3029.77;36.56
3030.78;36.56
3031.79;36.56
3032.8;36.63
3033.8;36.63
3034.82;36.56
3035.82;36.56
3036.83;36.56
3037.84;36.56
3038.85;36.5
3039.86;36.5
3040.87;36.5
3041.87;36.56
3042.89;36.63
3043.89;36.75
3044.9;36.81
3045.91;36.88
3046.92;36.94
3047.93;37
3048.94;36.94
3049.94;37.06
3050.96;37.13
3051.96;37.13
3052.97;37.06
3053.98;37.06
3054.99;37.06
3056;37.06
3057.01;37
3058.01;37.06
3059.03;37.06
3060.03;37
3061.04;36.88
3062.05;36.88
3063.06;36.81
3064.07;36.88
3065.08;36.88
3066.08;36.94
3067.1;37
3068.1;37.06
3069.11;37
3070.12;36.94
3071.13;36.81
3072.14;36.81
3073.14;36.81
3074.15;36.75
3075.16;36.69
3076.17;36.69
3077.18;36.63
3078.19;36.63
3079.2;36.69
3080.21;36.69
3081.22;36.75
3082.23;36.75
3083.23;36.81
3084.24;36.88
3085.25;36.81
3086.26;36.75
3087.27;36.81
3088.28;36.75
3089.29;36.69
3090.29;36.63
3091.3;36.63
3092.31;36.63
3093.32;36.69
3094.33;36.63
3095.34;36.63
3096.35;36.63
3097.36;36.69
3098.36;36.63
3099.37;36.63
3100.38;36.69
3101.39;36.69
3102.4;36.75
3103.41;36.75
3104.41;36.81
3105.42;36.88
3106.43;36.94
3107.44;36.94
3108.45;37
3109.46;37.06
3110.47;37.06
3111.48;37.13
3112.49;37.19
3113.49;37.25
3114.5;37.06
3115.51;37.06
3116.52;37.06
3117.53;37.06
3118.54;37.06
3119.55;37.13
3120.56;37.19
3121.56;37.25
3122.58;37.25
3123.58;37.31
3124.59;37.38
3125.6;37.38
3126.61;37.44
3127.62;37.31
3128.62;37.25
3129.63;37.25
3130.64;37.13
3131.65;37.06
3132.66;37
3133.67;36.94
3134.68;36.88
3135.69;36.88
3136.7;36.88
3137.7;36.88
3138.72;36.94
3139.72;36.88
3140.73;36.94
3141.74;36.94
3142.75;36.88
3143.76;36.81
3144.77;36.81
3145.77;36.81
3146.79;36.88
3147.79;36.88
3148.8;36.88
3149.81;36.88
3150.82;36.88
3151.83;36.88
3152.84;36.94
3153.84;36.94
3154.85;36.94
3155.86;36.94
3156.87;37
3157.88;37
3158.89;37.06
3159.9;37.06
3160.91;37.13
3161.91;37.19
3162.92;37.19
3163.93;37.25
3164.94;37.25
3165.95;37.31
3166.96;37.31
3167.97;37.31
3168.98;37.31
3169.99;37.31
3171;37.31
3172;37.38
3173.01;37.38
3174.02;37.38
3175.03;37.38
3176.04;37.38
3177.04;37.38
3178.06;37.44
3179.07;37.44
3180.07;37.38
3181.08;37.31
3182.09;37.38
3183.1;37.44
3184.11;37.44
3185.12;37.44
3186.13;37.38
3187.13;37.44
3188.14;37.44
3189.15;37.44
3190.16;37.44
3191.17;37.38
3192.18;37.38
3193.19;37.38
3194.2;37.44
3195.21;37.44
3196.22;37.44
3197.22;37.44
3198.23;37.5
3199.24;37.5
3200.25;37.44
3201.26;37.5
3202.27;37.5
3203.28;37.5
3204.29;37.56
3205.3;37.56
3206.3;37.56
3207.31;37.63
3208.32;37.63
3209.33;37.63
3210.34;37.56
3211.35;37.56
3212.36;37.5
3213.37;37.56
3214.37;37.5
3215.38;37.5
3216.39;37.5
3217.4;37.5
3218.41;37.44
3219.42;37.38
3220.43;37.38
3221.43;37.44
3222.45;37.5
3223.45;37.5
3224.46;37.44
3225.47;37.44
3226.48;37.44
3227.49;37.38
3228.5;37.31
3229.51;37.31
3230.52;37.31
3231.52;37.25
3232.53;37.19
3233.54;37.25
3234.55;37.31
3235.56;37.31
3236.57;37.38
3237.58;37.38
3238.59;37.44
3239.6;37.38
3240.6;37.38
3241.61;37.38
3242.62;37.31
3243.63;37.25
3244.64;37.25
3245.65;37.31
3246.66;37.31
3247.66;37.31
3248.67;37.38
3249.68;37.38
3250.69;37.44
3251.7;37.38
3252.71;37.38
3253.72;37.38
3254.73;37.38
3255.74;37.31
3256.74;37.25
3257.75;37.25
3258.76;37.31
3259.77;37.38
3260.78;37.38
3261.79;37.38
3262.8;37.44
3263.81;37.38
3264.82;37.38
3265.83;37.38
3266.83;37.38
3267.84;37.38
3268.85;37.31
3269.86;37.31
3270.87;37.38
3271.88;37.38
3272.88;37.38
3273.89;37.31
3274.9;37.25
3275.91;37.25
3276.92;37.25
3277.93;37.19
3278.94;37.06
3279.95;37
3280.96;37
3281.96;37.06
3282.97;37.06
3283.98;37.13
3284.99;37.13
3286;37.19
3287.01;37.25
3288.02;37.25
3289.03;37.31
3290.03;37.31
3291.05;37.31
3292.05;37.31
3293.06;37.38
3294.07;37.31
3295.08;37.25
3296.09;37.31
3297.1;37.31
3298.11;37.38
3299.12;37.38
3300.12;37.38
3301.13;37.44
3302.14;37.5
3303.15;37.5
3304.16;37.5
3305.17;37.5
3306.18;37.5
3307.19;37.56
3308.19;37.56
3309.21;37.56
3310.21;37.56
3311.22;37.5
3312.23;37.5
3313.24;37.56
3314.25;37.56
3315.26;37.5
3316.27;37.44
3317.28;37.44
3318.28;37.44
3319.29;37.44
3320.3;37.38
3321.31;37.38
3322.32;37.38
3323.33;37.38
3324.34;37.44
3325.35;37.44
3326.35;37.44
3327.37;37.5
3328.37;37.5
3329.38;37.5
3330.39;37.5
3331.4;37.5
3332.41;37.56
3333.42;37.56
3334.42;37.56
3335.44;37.56
3336.44;37.56
3337.45;37.5
3338.46;37.5
3339.47;37.5
3340.48;37.5
3341.49;37.63
3342.5;37.63
3343.51;37.63
3344.51;37.56
3345.52;37.5
3346.53;37.5
3347.54;37.56
3348.55;37.56
3349.56;37.56
3350.57;37.63
3351.58;37.69
3352.58;37.69
3353.6;37.69
3354.6;37.63
3355.61;37.69
3356.62;37.63
3357.63;37.69
3358.64;37.69
3359.64;37.69
3360.66;37.75
3361.66;37.75
3362.67;37.81
3363.68;37.81
3364.69;37.81
3365.7;37.75
3366.71;37.69
3367.72;37.69
3368.73;37.69
3369.74;37.69
3370.74;37.69
3371.76;37.63
3372.76;37.63
3373.77;37.69
3374.78;37.63
3375.79;37.63
3376.8;37.69
3377.81;37.69
3378.82;37.69
3379.83;37.63
3380.83;37.56
3381.84;37.56
3382.85;37.56
3383.86;37.63
3384.87;37.63
3385.88;37.63
3386.89;37.63
3387.89;37.63
3388.9;37.69
3389.91;37.63
3390.92;37.5
3391.93;37.5
3392.94;37.5
3393.95;37.56
3394.96;37.63
3395.97;37.69
3396.98;37.75
3397.99;37.81
3398.99;37.81
3400;37.81
3401.01;37.81
3402.02;37.81
3403.03;37.81
3404.04;37.81
3405.05;37.81
3406.05;37.88
3407.07;37.88
3408.07;37.94
3409.08;38
3410.09;38
3411.1;38
3412.11;38.06
3413.12;38.06
3414.13;38.13
3415.14;38.06
3416.14;38.06
3417.15;38.06
3418.16;38.13
3419.17;38.13
3420.18;38.13
3421.19;38.13
3422.2;38.13
3423.21;38.13
3424.22;38.13
3425.23;38.13
3426.23;38.06
3427.24;38.06
3428.25;38.06
3429.26;38.06
3430.27;38.13
3431.28;38.13
3432.29;38.13
3433.3;38.13
3434.31;38.06
3435.32;38.06
3436.32;38.06
3437.34;38.06
3438.34;38.06
3439.35;38
3440.36;38
3441.37;37.94
3442.38;37.94
3443.39;37.94
3444.4;37.94
3445.4;38
3446.41;38.06
3447.42;38
3448.43;38.06
3449.44;38.13
3450.45;38.13
3451.46;38.13
3452.47;38.13
3453.48;38.13
3454.49;38.13
3455.5;38.13
3456.5;38.19
3457.51;38.19
3458.52;38.19
3459.53;38.19
3460.54;38.13
3461.55;38.06
3462.56;38.06
3463.57;38
3464.57;37.94
3465.59;37.88
3466.59;37.94
3467.6;37.94
3468.61;37.94
3469.62;37.94
3470.63;37.94
3471.63;37.94
3472.65;37.94
3473.65;37.88
3474.66;37.81
3475.67;37.81
3476.68;37.75
3477.69;37.75
3478.7;37.69
3479.71;37.63
3480.72;37.63
3481.72;37.63
3482.74;37.69
3483.74;37.63
3484.75;37.63
3485.76;37.69
3486.77;37.69
3487.78;37.69
3488.79;37.75
3489.8;37.75
3490.81;37.75
3491.82;37.75
3492.82;37.75
3493.83;37.75
3494.84;37.69
3495.85;37.69
3496.86;37.69
3497.87;37.75
3498.88;37.69
3499.88;37.75
3500.9;37.75
3501.9;37.75
3502.91;37.75
3503.92;37.81
3504.93;37.81
3505.94;37.75
3506.95;37.81
3507.96;37.81
3508.97;37.88
3509.97;37.81
3510.98;37.81
3511.99;37.88
3513;37.88
3514.01;37.88
3515.02;37.94
3516.03;37.94
3517.04;37.88
3518.04;37.88
3519.06;37.88
3520.06;37.94
3521.07;37.94
3522.08;38
3523.09;38
3524.1;38
3525.11;38
3526.12;38
3527.13;38.06
3528.13;38.06
3529.14;38.06
3530.15;38.06
3531.16;38.06
3532.17;38.06
3533.18;38.06
3534.19;38.06
3535.2;38.13
3536.21;38.13
3537.22;38.13
3538.22;38.19
3539.24;38.19
3540.24;38.25
3541.25;38.31
3542.26;38.31
3543.27;38.25
3544.28;38.19
3545.29;38.25
3546.3;38.25
3547.31;38.25
3548.31;38.25
3549.33;38.25
3550.33;38.19
3551.34;38.19
3552.35;38.19
3553.36;38.13
3554.37;38.13
3555.38;38.06
3556.39;38.13
3557.39;38.13
3558.4;38.13
3559.41;38.06
3560.42;38.13
3561.43;38.13
3562.44;38.19
3563.45;38.19
3564.46;38.13
3565.47;38.06
3566.47;38.06
3567.48;38.13
3568.49;38.19
3569.5;38.25
3570.51;38.25
3571.52;38.25
3572.53;38.25
3573.54;38.25
3574.55;38.19
3575.56;38.19
3576.57;38.19
3577.57;38.19
3578.58;38.13
3579.59;38.13
3580.6;38.13
3581.61;38.06
3582.62;38.06
3583.63;38.06
3584.64;38.06
3585.64;38.06
3586.65;38.06
3587.66;38.06
3588.67;38
3589.68;38.06
3590.69;38
3591.7;38.06
3592.71;38.06
3593.71;38.06
3594.73;38.06
3595.73;38.06
3596.74;38.06
3597.75;38.06
3598.76;38.13
3599.77;38.13
3600.78;38.13
